iso3c,country,region,income_level,gdp_pc,gdp_growth,inflation,unemployment,gini,population,urban_pct,life_expectancy,fertility,net_migration,migrant_stock_pct,remittances_pct,enroll_secondary,enroll_tertiary,ed_exp_pct_gdp,soc_net_adeq
ABW,Aruba,Latin America & Caribbean,High income,22664.3709949437,-23.9400592677491,,,,108587,62.0028837566365,75.406,1.662,0,49.9,1.42150522623697,135.124725341797,,,
AFG,Afghanistan,"Middle East, North Africa, Afghanistan & Pakistan",Low income,510.787063366811,-2.35110067203466,5.60188791482224,11.71,,39068979,25.2622103446137,61.454,5.145,143634,0.4,3.95329685319887,,10.85435962677,,
AGO,Angola,Sub-Saharan Africa,Lower middle income,1749.1794838482,-5.27349128300007,22.271539247051,16.696,,33451132,67.4568270208187,63.116,5.371,7556,2,0.0137630678180384,,,2.66744733689285,
ALB,Albania,Europe & Central Asia,Upper middle income,6027.91350716348,-3.31375636888916,1.62088661717021,11.639,29.4,2528480,57.1408592155544,77.824,1.371,-16680,1.7,9.61841800746962,95.9294474518951,61.5853024328899,3.32505011558533,
AND,Andorra,Europe & Central Asia,High income,37361.090067211,-11.1839399355384,,,,77380,88.5907780427517,79.418,1.028,572,58.9,1.64013507046368,97.1500396728516,15.2605749006777,2.63213046553066,
ARE,United Arab Emirates,"Middle East, North Africa, Afghanistan & Pakistan",High income,37991.738387966,-8.69343363776639,-2.07940317940944,4.294,,9401038,85.1955255681984,81.936,1.289,92541,76,,99.1635400791877,54.9746998074699,3.98417997360229,
ARG,Argentina,Latin America & Caribbean,Upper middle income,8535.59938004389,-9.9004848136464,42.0150947376509,11.461,42.7,45191965,91.9439026594897,75.878,1.601,292,4.2,0.168011924038753,112.376731872559,99.3697348717996,5.27689981460571,17.3288836903957
ARM,Armenia,Europe & Central Asia,Upper middle income,4268.68093304583,-7.19999999920631,1.21143577838465,18.175,25.1,2961500,65.174217253699,73.3756097560976,1.7,-13046,7.2,10.4970552541265,88.5080298201293,52.3331534448642,2.70555996894836,48.1280997323804
ASM,American Samoa,East Asia & Pacific,High income,14489.2586563775,4.41176470588236,,,,49761,82.6240780620716,72.672,2.36,-653,47.4,,,,,
ATG,Antigua and Barbuda,Latin America & Caribbean,High income,15369.6082250401,-18.8687765208148,0.625989707046719,,,91846,24.6406156275043,77.161,1.569,0,32,2.56585012934811,,,3.0051830460864,
AUS,Australia,East Asia & Pacific,High income,51983.4523666382,-0.133531904304775,0.846900734607273,6.394,33.8,25649248,87.2713470458985,83.2,1.581,44447,29.5,0.0833273223696793,137.490737915039,110.139221191406,5.38625001907349,
AUT,Austria,Europe & Central Asia,High income,48716.4098900349,-6.31825509209936,1.38191063351854,5.201,29.8,8916864,68.5410177924001,81.1926829268293,1.44,39601,20,0.69677434560967,101.690559387207,88.7071990966797,5.57961988449097,
AZE,Azerbaijan,Europe & Central Asia,Upper middle income,4229.91064904503,-4.19896065333343,2.75980947008127,7.24,,10093121,58.2934691761937,70.312,1.7,1073,2,3.2864567961961,91.365513501165,36.3854742250215,4.33204984664917,
BDI,Burundi,Sub-Saharan Africa,Low income,252.702452750006,0.306443811651718,7.32110643415521,1.03,37.5,12617036,19.9309984273971,62.569,5.177,-10189,2.7,4.55797350513428,44.9151717353101,,5.32158506838731,
BEL,Belgium,Europe & Central Asia,High income,45906.2875805246,-4.7929839083518,0.740791812220344,5.545,26,11538604,87.2964994991269,80.6951219512195,1.55,43777,17.7,2.47543593372868,151.727508544922,79.4996032714844,6.75470018386841,
BEN,Benin,Sub-Saharan Africa,Lower middle income,1200.19426557789,3.84879240030133,3.02272119663759,1.518,,13070169,49.4461567219896,60.154,4.795,1729,3,1.30443860209878,43.9858703613281,10.3808002471924,2.89898431911618,
BFA,Burkina Faso,Sub-Saharan Africa,Low income,825.237038782475,2.01077262406221,1.88470066518847,4.59,,21478690,26.3578373628627,60.454,4.44,-5661,3.4,2.95970546183422,39.2540084845692,7.64277062242324,5.21148277030166,
BGD,Bangladesh,South Asia,Lower middle income,2248.85078828233,3.44801755122445,5.69107474746211,5.539,,166298024,31.1168927321524,71.421,2.175,-1002522,1.3,5.81626795895569,66.4329548486639,22.6923019564501,2.13974351741877,
BGR,Bulgaria,Europe & Central Asia,High income,10760.7616180234,-3.13323543125917,1.67244096855756,5.037,40.5,6550696,73.3239898681641,73.3560975609756,1.77,30167,2.7,2.81662155492469,101.354942321777,85.5331115722656,4.48298978805542,
BHR,Bahrain,"Middle East, North Africa, Afghanistan & Pakistan",High income,24342.8444554718,-5.9113629524152,-2.31770629331379,1.765,,1472204,100,78.683,1.86,-5048,53,,,54.4077922369055,2.05801907522052,
BHS,"Bahamas, The",Latin America & Caribbean,High income,26178.7537607708,-20.0893664891399,0.0385210980054558,12.016,,395863,81.6642600232849,72.994,1.386,0,16.1,0.49025118689208,,,3.7125229961238,
BIH,Bosnia and Herzegovina,Europe & Central Asia,Upper middle income,6130.31187968266,-3.01509335460439,-1.0512960076349,15.868,,3299349,49.9710852122997,76.04,1.515,-26840,1.1,9.54729598420506,85.5591125488281,43.8039207458496,3.01954088371123,
BLR,Belarus,Europe & Central Asia,Upper middle income,6542.85579976768,-0.672742918585868,5.54814357456519,4.049,24.4,9379952,77.7890385790408,72.1385609756098,1.369,-33954,11.4,1.65173922227239,100.575710351095,79.900160036935,4.86263990402222,
BLZ,Belize,Latin America & Caribbean,Upper middle income,5238.54078175696,-13.5228997055506,0.121434644614894,10.763,,390812,42.649842440311,71.58,2.04,64,15.9,5.89481400963481,86.1886596150512,25.9421694120047,5.21301984786987,
BMU,Bermuda,North America,High income,106976.546239632,-6.97162571479863,,,,64382,100,81.456,1.451,286,30.7,22.854911149781,,,1.74834797496856,
BOL,Bolivia,Latin America & Caribbean,Lower middle income,3580.96761778303,-12.7194690092717,0.940742153381849,7.903,43.6,11816299,70.0442635528254,62.906,2.651,-4663,1.4,2.66229538411819,88.8672369779995,,8.43710994720459,5.02132401777854
BRA,Brazil,Latin America & Caribbean,Upper middle income,7074.19378337644,-3.2767587964736,3.21176803803376,13.697,48.8,208660842,86.9112186503004,74.506,1.653,-78437,0.5,0.241596231143309,103.882659912109,55.529109954834,5.7714900970459,29.5894187957819
BRB,Barbados,Latin America & Caribbean,High income,19180.9915228365,-17.4059314651747,,10.586,,281698,59.3014583324011,76.647,1.708,0,12.4,,104.318992614746,52.971630831,3.86529994010925,
BRN,Brunei Darussalam,East Asia & Pacific,High income,26834.3592233943,1.1335733495246,1.94031996607184,7.409,,447404,74.7748108912151,75.114,1.796,462,25,,86.6857810342997,27.4692556634304,,
BTN,Bhutan,South Asia,Lower middle income,3191.66906999331,-10.2183974208569,5.62936522632508,5.03,,770006,39.6888839873439,72.253,1.502,287,7,3.39498028366294,89.7711428873908,16.8650740250552,5.46991778261464,
BWA,Botswana,Sub-Saharan Africa,Upper middle income,6323.2974967659,-8.72888243996397,1.8903591682421,21.017,,2365894,66.4488166494554,67.643,2.861,-11330,4.7,0.295602661286554,,22.4017870513653,8.05833660991541,
CAF,Central African Republic,Sub-Saharan Africa,Low income,462.879071294011,0.899999996857062,1.71015659523153,6.519,,5026628,42.3050785933463,50.596,6.059,-24745,1.8,,,,2.14468061163977,
CAN,Canada,North America,High income,43537.8981198851,-5.03823342794087,0.716999632307827,9.657,29.9,38028638,81.9509888710566,81.53,1.41,256592,21.8,0.0496369458783123,109.628059387207,75.2389068603516,4.88794994354248,
CHE,Switzerland,Europe & Central Asia,High income,87529.7016394892,-2.2552579425106,-0.725874933313403,4.817,33.7,8638167,82.3416838515457,83,1.46,55523,30.2,0.411007259620624,104.211616516113,68.0676422119141,5.27676010131836,
CHI,Channel Islands,Europe & Central Asia,High income,56785.9402005039,-8.89677926591959,,6.633,,166235,32.8247184979451,80.9,1.33,858,50.6,,,,,
CHL,Chile,Latin America & Caribbean,High income,13117.9930230086,-6.1396969411886,3.04549084804326,10.934,47,19370624,88.2953490438375,79.349,1.307,26042,7.6,0.0260513620463149,103.691688537598,89.1124877929688,5.62992000579834,12.4164342942254
CHN,China,East Asia & Pacific,Upper middle income,10627.4637989619,2.33950385203023,2.41942189457782,5,37.1,1411100000,63.5234230266258,78.019,1.236,-91577,0.1,0.0981187817971095,,61.6124675996947,,
CIV,Cote d'Ivoire,Sub-Saharan Africa,Lower middle income,2179.72934832935,0.699728593494228,2.41252617189053,2.588,,28915449,51.8357660823651,60.14,4.461,-12390,9.5,0.522225685301873,55.4380323721262,10.2664091345849,3.78674006462097,
CMR,Cameroon,Sub-Saharan Africa,Lower middle income,1555.60370660749,0.259932915907115,2.43760882182236,3.881,,26210558,54.2557949164174,61.674,4.557,-9888,2.2,0.819403311730562,,15.5519566247682,3.10390139858492,
COD,"Congo, Dem. Rep.",Sub-Saharan Africa,Low income,486.425572682256,0.775427992354622,,5.355,44.7,95989998,43.2528602500115,60.428,6.206,-1633,1,2.56157002626062,,6.37987995147705,2.62263835311571,
COG,"Congo, Rep.",Sub-Saharan Africa,Lower middle income,1993.586671931,-6.26777227963225,1.79537147083108,22.286,,5752791,63.5760904494257,64.391,4.329,-4472,6.7,0.110146373125465,,,4.22208879466149,
COL,Colombia,Latin America & Caribbean,Upper middle income,5339.68711357943,-7.18591413760859,2.52663500084706,15.983,54.4,50629997,77.6382533537045,74.757,1.694,227130,3.8,2.56133478402854,101.499450683594,55.7331085205078,5.26166009902954,7.75169108799146
COM,Comoros,Sub-Saharan Africa,Lower middle income,1527.16991011916,-0.195556841918759,0.786641929499151,4.468,34.2,802163,32.0638072194881,65.756,4.071,-1766,1.6,18.5019188337979,,,2.37805076679617,
CPV,Cabo Verde,Sub-Saharan Africa,Upper middle income,3539.22661248299,-20.8052758990735,0.605795808395385,14.65,,514679,72.8838521558784,73.818,1.591,-3362,3.1,12.8536888281673,98.3093023666237,,7.09400702406662,
CRI,Costa Rica,Latin America & Caribbean,High income,12475.6852076814,-4.14159340574358,0.724911478131376,16.432,49.2,5034320,77.5211537281257,79.725,1.448,1029,10.3,0.835559986392123,132.678680419922,,6.62899017333984,23.2842682054008
CUB,Cuba,Latin America & Caribbean,Upper middle income,9605.27914559614,-10.9494359030206,,2.233,,11176354,77.1080322265625,77.407,1.489,-11976,0,,101.487990578922,46.7357262964117,11.5248184008093,
CUW,Curacao,Latin America & Caribbean,High income,16299.8134688605,-18.4384696124769,,,,155482,91.3820881678218,76.501,1.4,992,30.9,5.21983778117602,129.470256951777,,7.11645238834347,
CYM,Cayman Islands,Latin America & Caribbean,High income,82338.7977439023,-4.95480696516726,,,,68684,100,79.23,1.554,810,42.6,0.159294422104838,84.0909118652344,,1.45542001724243,
CYP,Cyprus,Europe & Central Asia,High income,28130.330078125,-3.22063018637567,-0.638422797978861,7.755,31.7,1302247,66.7180443478713,81.23,1.361,9653,14.6,2.22125323876283,101.935836791992,102.390762329102,5.56462001800537,
CZE,Czechia,Europe & Central Asia,High income,23472.8915454417,-5.30487955463876,3.1612952849781,2.55,26.2,10697858,72.7254901604208,78.2268292682927,1.74,4336,6.4,1.66692379663162,99.3292617797852,67.1843719482422,4.62503004074097,
DEU,Germany,Europe & Central Asia,High income,47394.8734504469,-4.13191443239947,0.144877925813982,3.881,32.5,83160871,81.4700055002738,81.0414634146342,1.53,203468,18,0.477487831020722,101.307800292969,72.3894195556641,5.51600980758667,
DJI,Djibouti,"Middle East, North Africa, Afghanistan & Pakistan",Lower middle income,2844.88810647853,1.2021151728969,1.77900535643955,27.701,,1105188,71.9990170519895,64.2,2.745,1300,10.8,2.03729907694872,,,,
DMA,Dominica,Latin America & Caribbean,Upper middle income,7827.74842680426,-15.7064024545862,1.22026442242476,,,67573,71.846576780589,71.269,1.495,-225,12.3,6.36292196197876,105.181579589844,,4.45777988433838,
DNK,Denmark,Europe & Central Asia,High income,60985.4885601514,-1.78010601831291,0.420711974110025,5.644,27.5,5831404,88.2394485473632,81.6024390243903,1.68,10851,12.3,0.374595136346265,129.995193481445,82.6643295288086,7.38574981689453,
DOM,Dominican Republic,Latin America & Caribbean,Upper middle income,7135.22273255899,-7.92905234231061,3.78103179915517,6.126,39.6,11008300,73.2643793773663,72.636,2.329,-17957,5.5,10.6071966446228,80.0444119218853,58.7264105314523,4.51769850778985,
DZA,Algeria,"Middle East, North Africa, Afghanistan & Pakistan",Upper middle income,3743.5419522929,-4.99999999908597,2.41513094083414,14.08,,44042091,73.0541126293395,73.257,2.94,-10798,0.6,1.03085687360381,,53.3752192208988,6.19391724496515,
ECU,Ecuador,Latin America & Caribbean,Upper middle income,5463.64515348598,-9.24509619165865,-0.338872392562139,6.116,47.3,17546065,63.0773897782521,72.004,1.967,-10320,4.1,3.48790451754192,93.9849491291463,56.9066311483682,4.26103019714355,12.5420790843681
EGY,"Egypt, Arab Rep.","Middle East, North Africa, Afghanistan & Pakistan",Lower middle income,3511.11381026379,3.55016483883115,5.04493288977539,7.974,,109315124,42.5181534630674,69.79,2.85,6016,0.6,7.71274724506713,79.6544750074231,38.773998260498,,
ERI,Eritrea,Sub-Saharan Africa,Low income,,,,6.375,,3291271,35.116138458252,66.98,3.933,-14967,0.4,,,,,
ESP,Spain,Europe & Central Asia,High income,27233.9426461608,-10.9400706350371,-0.322753017299649,15.532,34.9,47359424,79.6955674617799,82.2317073170732,1.18,236854,15,0.237512743208444,118.338188171387,91.59912109375,4.85118007659912,
EST,Estonia,Europe & Central Asia,High income,23933.9939421065,-2.88380751483778,-0.44453109767983,6.956,30.7,1329522,69.8815778947665,78.5951219512195,1.58,3694,15,1.59281791364911,112.527702331543,72.0443572998047,5.44180011749268,
ETH,Ethiopia,Sub-Saharan Africa,Low income,829.790982552951,6.05953089248577,20.3563468559061,3.998,,118917671,21.6260051727295,65.969,4.274,38866,0.7,0.409506869488673,,,4.0905654220699,
FIN,Finland,Europe & Central Asia,High income,48828.6846862799,-2.49103605535707,0.290554555653239,7.759,27.1,5529543,73.0849439791673,81.9317073170732,1.37,17504,7,0.22152961877425,143.122909545898,96.4726333618164,6.6812801361084,
FJI,Fiji,East Asia & Pacific,Upper middle income,4620.6457238014,-17.1835352599354,-1.70014167847318,5.054,,914963,57.186684691874,66.924,2.357,-6008,1.5,7.50181245102766,91.541633605957,83.7613654490349,5.80519512902055,
FRA,France,Europe & Central Asia,High income,39169.8606000707,-7.44064589948231,0.476498852725065,8.009,30.7,67601110,78.7119131765249,82.1756097560976,1.82,145593,13.1,1.13234775294505,104.566566467285,68.8709411621094,5.65871000289917,
FRO,Faroe Islands,Europe & Central Asia,High income,62247.9273907098,-1.63732118017028,,,,52561,38.6689987182617,82.5341926829268,2.3301,548,13,,,,,
FSM,"Micronesia, Fed. Sts.",East Asia & Pacific,Upper middle income,3362.02802120524,-2.05703124999999,0.554594630853174,,,110916,22.3752060036598,65.878,2.852,-680,2.6,,,,11.5591397849462,
GAB,Gabon,Sub-Saharan Africa,Upper middle income,6605.80346077904,-1.8377610635094,1.35276110675333,21.279,,2322539,90.3480750410147,67.073,3.831,1506,17.9,,,,3.39874087928788,
GBR,United Kingdom,Europe & Central Asia,High income,40815.1255364787,-10.047896637362,0.989486703772491,4.472,32.7,66740000,82.9000015258789,80.331756097561,1.571,144221,15.6,0.119239810240544,114.617248535156,69.4076614379883,5.43936014175415,
GEO,Georgia,Europe & Central Asia,Upper middle income,4300.85701291207,-6.2904717853839,5.2024648897534,11.734,34.5,3722716,58.9990552763878,73.509,1.976,-2738,2.1,13.1764161481873,108.06699476725,71.8064531290391,3.80951130708125,42.1210026276234
GHA,Ghana,Sub-Saharan Africa,Lower middle income,2195.45481659987,0.513941670628171,9.88728956269944,3.178,,31887809,56.2171613974837,64.309,3.541,-291,1.5,6.13064485540951,74.0102186341371,18.6139938594155,3.40915991351725,
GIB,Gibraltar,Europe & Central Asia,High income,,,,,,36173,100,83.07,1.907,514,30.9,,100.500228881836,,,
GIN,Guinea,Sub-Saharan Africa,Lower middle income,1053.66097696415,4.70459096113575,10.6016203387167,6.007,,13371183,36.4802208060551,59.35,4.489,-4365,0.9,0.159915464208879,,,2.44806003570557,
GMB,"Gambia, The",Sub-Saharan Africa,Low income,720.335143352133,0.591487287873974,5.93127636562441,5.84,38.8,2515733,62.2069251698555,64.418,4.248,-1949,8.6,22.9790072609688,,,2.88734569797808,
GNB,Guinea-Bissau,Sub-Saharan Africa,Low income,846.918134967613,2.89149979806913,1.14000939393222,2.887,,2013255,44.3038330078125,61.343,4.075,-1394,0.9,10.2599431457546,,,,
GNQ,Equatorial Guinea,Sub-Saharan Africa,Upper middle income,5764.05502912947,-4.79108083383294,4.76669523944228,8.625,,1716468,70.3853314193247,62.141,4.346,0,13.4,,,,,
GRC,Greece,Europe & Central Asia,High income,17886.733165236,-9.19623149726978,-1.24798355581405,15.899,33.6,10698599,78.3066842455552,81.2878048780488,1.39,6353,12.5,0.31948810676227,103.615829467773,143.693344116211,,
GRD,Grenada,Latin America & Caribbean,Upper middle income,8968.55890108484,-13.7566222572107,-0.740732597045498,,,116341,36.2050502515788,75.019,1.532,0,6.2,6.75004451212369,104.298669179131,,,
GRL,Greenland,Europe & Central Asia,High income,54812.6661771023,0.250789762104304,,,,56367,87.2840881978115,71.2858536585366,2.109,-328,10.5,,,,,
GTM,Guatemala,Latin America & Caribbean,Upper middle income,4477.61785000665,-1.78555117570465,3.21444062197345,2.965,,17357325,54.5483167911628,69.971,2.47,-23927,0.5,14.6751379764358,51.7956964848587,,3.29485011100769,
GUM,Guam,East Asia & Pacific,High income,36482.9363953675,-10.5188595714539,,6.241,,162158,94.0804991087801,75.529,2.895,-244,49.6,,,,,
GUY,Guyana,Latin America & Caribbean,High income,6775.70939096303,43.479651716849,0.722434045501787,15.308,,807481,26.4340397353676,67.751,2.491,-1743,3.9,8.06151198098608,86.9400100708008,,,
HKG,"Hong Kong SAR, China",East Asia & Pacific,High income,46109.2299946609,-6.54479640529367,0.2509620210808,5.808,,7481000,100,85.4963414634146,0.883,-1800,39.6,0.123664603893105,100.449691991786,89.9479038224414,4.40563011169434,
HND,Honduras,Latin America & Caribbean,Lower middle income,2307.61494319511,-8.96508223267296,3.46841177951171,10.982,,10119640,56.8691654042685,70.864,2.577,-6199,0.4,23.9319582167015,58.4268999434804,,6.09801328648889,
HRV,Croatia,Europe & Central Asia,High income,14807.5559227544,-8.31046995309319,0.154811374562106,7.389,29.5,3914206,56.5284863367411,77.5243902439024,1.48,-8552,13.4,7.23745022714331,105.585418701172,74.738037109375,4.40854978561401,
HTI,Haiti,Latin America & Caribbean,Lower middle income,1290.32538667383,-3.30550546965893,22.7963113642528,15.573,,11243848,52.6307476732151,63.773,2.804,-33850,0.2,22.4512536627714,,,1.11353641558643,
HUN,Hungary,Europe & Central Asia,High income,16386.9308821258,-4.33872540024058,3.32674385766738,4.248,,9670419,70.2917327880859,75.419512195122,1.61,9147,6,2.47049834371569,101.940628051758,56.6071815490723,4.12265014648438,
IDN,Indonesia,East Asia & Pacific,Upper middle income,3853.70288774146,-2.06551182934165,1.91983527270793,4.255,35.3,274814866,56.2785287648768,68.817,2.189,-18743,0.1,0.91127727787002,96.9345779132931,38.1650601406923,1.01593221347809,5.38944317032844
IMN,Isle of Man,Europe & Central Asia,High income,79513.5330346598,-8.83681697473475,,,,84064,52.1909519786866,80.591,1.585,219,51.2,,,,,
IND,India,South Asia,Lower middle income,1907.04251637669,-5.77772470687303,6.6234367762853,7.859,,1402617695,34.1286726088333,70.156,2.047,-73806,0.4,3.10855277353444,77.6271548412386,29.8196397708424,4.29335021972656,
IRL,Ireland,Europe & Central Asia,High income,86514.0706108754,7.15369505735335,-0.326183651280033,5.623,29.2,5039747,63.4713366724915,82.4560975609756,1.6,15746,19.1,0.06331314263944,133.497024536133,74.1961975097656,3.19163990020752,
IRN,"Iran, Islamic Rep.","Middle East, North Africa, Afghanistan & Pakistan",Upper middle income,3202.50003502169,4.44180865358672,30.5941390387295,9.687,35.8,87723443,75.5986404418945,74.141,1.7,-180680,3.2,,85.1913986206055,55.6366691589355,3.20495009422302,25.7792951059338
IRQ,Iraq,"Middle East, North Africa, Afghanistan & Pakistan",Upper middle income,4295.18945121228,-12.0367930960454,0.574162679425856,15.766,,42116605,69.8683166503906,69.651,3.419,29858,0.9,0.356221273355833,,,,
ISL,Iceland,Europe & Central Asia,High income,60127.9393575616,-6.64587810456635,2.84792401518657,5.478,,366463,94.1367102874722,83.0634146341463,1.72,2498,17.8,0.759557117718073,110.487319946289,74.5906066894531,8.5838098526001,
ISR,Israel,"Middle East, North Africa, Afghanistan & Pakistan",High income,44590.8237253282,-1.80206927953466,-0.575254620897756,4.169,37.8,9215100,91.5788453228939,82.6487804878049,2.9,16573,23.5,0.25132091340091,98.0958404541016,57.633861541748,6.51824998855591,
ITA,Italy,Europe & Central Asia,High income,32091.4866621366,-8.86822122185345,-0.13770757391651,9.192,35.2,59438851,69.5187492370606,82.1951219512195,1.24,85281,10.4,0.518407597996087,101.836128234863,68.7231063842773,4.41803979873657,
JAM,Jamaica,Latin America & Caribbean,Upper middle income,5299.04530804283,-8.30441923583135,5.2267777929352,6.501,,2830739,57.1103647563627,71.452,1.383,0,0.8,20.4455313500087,81.5337816615681,,5.38065828197341,
JOR,Jordan,"Middle East, North Africa, Afghanistan & Pakistan",Upper middle income,4411.48321838396,-1.15257534158022,0.333294350628378,19.213,,10865228,91.8216722992319,75.583,2.791,6745,45.5,10.0541975196234,90.1992992911958,30.2879665605319,3.55303483980158,
JPN,Japan,East Asia & Pacific,High income,41098.9739004553,-4.28327942675573,-0.024995834027731,2.809,32.3,126261000,91.7809926267889,84.56,1.33,42001,2.6,0.094191531356157,101.34056854248,62.2987403869629,3.30628991127014,
KAZ,Kazakhstan,Europe & Central Asia,Upper middle income,8781.50797787648,-2.49999999628,6.71815454861458,4.89,28.7,19482117,59.9871193541692,71.195,3.13,-8716,10.2,0.218836862121885,91.9490206290752,62.2921373672319,4.44620380169618,20.5137083923865
KEN,Kenya,Sub-Saharan Africa,Lower middle income,1927.66459027849,-0.272766327438816,5.40516207933392,5.613,36.2,52217334,31.2063494632616,61.596,3.364,-17111,2,3.08763090265523,,,5.04574892454155,
KGZ,Kyrgyz Republic,Europe & Central Asia,Lower middle income,1229.51766602907,-7.14897757727955,6.32542296338078,5.945,29,6726596,34.8174315392111,71.8,3.1,54704,3,31.8069826721848,92.1655305586517,45.3327840830343,5.7331600189209,16.8705177135632
KHM,Cambodia,East Asia & Pacific,Lower middle income,2081.73914242939,-3.55572193406549,2.9402951426397,0.172,,16725474,39.832658030922,70.059,2.699,0,0.5,7.43222431717955,51.8196983337402,13.8767573747135,2.2476462495972,
KIR,Kiribati,East Asia & Pacific,Lower middle income,1751.87199542272,-1.28205128205127,2.5532455441463,,,126099,58.4123714112748,65.205,3.254,0,2.5,6.75214842494559,,,16.2303756141975,
KNA,St. Kitts and Nevis,Latin America & Caribbean,High income,18859.0190361046,-15.3018891740649,-1.16724501769353,,,46870,31.4716289738952,71.181,1.55,-202,16.5,3.57085817002501,111.195206559445,,3.10568635584663,
KOR,"Korea, Rep.",East Asia & Pacific,High income,33645.7719545073,-0.700242317542106,0.537288023411737,3.931,32.7,51836239,81.1759595622913,83.4268292682927,0.837,112631,3.3,0.430504441346993,97.0888214111328,96.8767700195312,4.52706003189087,
KWT,Kuwait,"Middle East, North Africa, Afghanistan & Pakistan",High income,25236.0755848941,-4.81731593381585,2.101729548274,3.489,,4400267,100,78.7609756097561,2.033,-168379,68.9,0.0202777033196997,,53.731878917367,6.24513034913966,
LAO,Lao PDR,East Asia & Pacific,Lower middle income,2583.77730696131,0.503031829018681,5.10407262959919,2.349,,7346533,36.6185033569111,68.339,2.535,-10305,0.7,1.22309812418047,62.4493058083911,12.561911777868,1.91597273223857,
LBN,Lebanon,"Middle East, North Africa, Afghanistan & Pakistan",Lower middle income,5561.19166950397,-21.3998996914321,84.8643330472041,13.252,,5702398,89.729499798117,76.299,2.308,-47787,27.8,20.7914353641318,65.89697761206,51.5677337643942,2.4354185601396,
LBR,Liberia,Sub-Saharan Africa,Low income,616.787867006715,-2.98249127649473,16.9557241496255,4.102,,5149463,53.3878685572381,61.267,4.174,-10107,1.7,13.1296865672502,37.7416801452637,,2.13601415111746,
LBY,Libya,"Middle East, North Africa, Afghanistan & Pakistan",Upper middle income,6650.33810585348,-29.4552967282824,1.44703656998741,19.651,,7045399,87.8278267096263,72.388,2.507,-694,11.7,,,,,
LCA,St. Lucia,Latin America & Caribbean,Upper middle income,8537.11495506727,-22.9005138634176,-1.75580833517594,25.224,,178250,25.7524386560998,72.308,1.411,0,4.7,3.70530824835106,88.7376327514648,16.8199691772461,3.61522006988525,
LIE,Liechtenstein,Europe & Central Asia,High income,164671.093553454,,,,,38901,14.6666622853765,81.6585365853659,1.46,269,66.8,,120.228446960449,42.5986099243164,,
LKA,Sri Lanka,South Asia,Upper middle income,3847.60136741182,-4.62451503712715,6.15394508391738,5.364,,21919000,19.6621898312161,76.928,2.007,-29875,0.2,8.4666695107936,,20.1614879343022,1.55792392223723,
LSO,Lesotho,Sub-Saharan Africa,Lower middle income,918.582574704447,-8.15595785459911,4.97809676252309,18.385,,2235727,39.6329305425532,55.133,2.846,-3449,0.5,21.9061888556538,,,,
LTU,Lithuania,Europe & Central Asia,High income,20428.6478157394,0.0428158336981426,1.19989444983569,8.487,36,2810369,67.4254608154297,75.0292682926829,1.36,19884,5.2,1.37702741376978,106.810821533203,73.5892868041992,4.47348022460938,
LUX,Luxembourg,Europe & Central Asia,High income,116860.02817236,-0.510051634039826,0.819957302127036,6.766,33.4,630419,93.8600689970981,82.1439024390244,1.36,6967,47.3,3.16202010200796,107.078948974609,19.961389541626,3.85499000549316,
LVA,Latvia,Europe & Central Asia,High income,17564.2321549354,-3.46922750780554,0.219064904841985,8.098,35.7,1900449,68.1211222872228,75.1853658536585,1.55,-3147,12.6,3.26049152549512,105.956283569336,94.5108337402344,4.99749994277954,
MAC,"Macao SAR, China",East Asia & Pacific,High income,36883.6652578543,-54.4020925789353,0.811410511491512,2.542,,685400,100,84.1292682926829,0.841,8842,59.1,0.260161303896113,88.5771812080537,86.7956730769231,6.38948011398315,
MAF,St. Martin (French part),Latin America & Caribbean,High income,,-12.500002246731,,,,31786,100,80.085,2.829,-2853,0,,,,,
MAR,Morocco,"Middle East, North Africa, Afghanistan & Pakistan",Lower middle income,3268.0302734375,-7.17820744246774,0.705968661338261,11.189,,36584208,62.0933436005366,73.133,2.32,-35474,0.3,6.10953091862088,80.3087996541375,39.6858047574445,6.28428263644307,
MCO,Monaco,Europe & Central Asia,High income,176891.806328966,-13.2391048292108,,,,38050,100,86.089,2.38,999,69.9,,,,,
MDA,Moldova,Europe & Central Asia,Upper middle income,4375.7788930524,-8.27597831976949,3.76597122245358,1.206,25,2635130,41.3368530273438,69.914,1.77,-33405,2.5,16.274922384411,96.1733374702658,56.2498196612517,6.60125017166138,
MDG,Madagascar,Sub-Saharan Africa,Low income,450.771615205157,-7.13767162064489,4.20179312190557,3.292,,28953556,30.7019474167548,62.706,4.17,-1480,0.1,3.79541630461884,,5.17336117275841,3.25443385103636,
MDV,Maldives,South Asia,Upper middle income,7393.8886543933,-32.9088287752921,-1.36977425569811,5.42,,502118,40.3985147902839,78.713,1.613,9642,14,0.125253487973412,69.8982015609094,27.0805812417437,5.84760793108804,
MEX,Mexico,Latin America & Caribbean,Upper middle income,8841.27074929751,-8.35403459379062,3.39683415570006,4.44,44.6,126799054,78.677960602824,70.449,1.99,-147456,1.1,3.92284685532164,102.58154296875,45.1654510498047,4.4996600151062,10.7093867150657
MHL,Marshall Islands,East Asia & Pacific,Upper middle income,5661.96787336674,-2.77288732394366,,,,42706,77.285864607515,65.387,2.989,-2004,7.7,13.8337688172043,92.9692504804612,,13.8350374540234,
MKD,North Macedonia,Europe & Central Asia,Upper middle income,6659.59651070776,-4.68845000956652,1.20007348888469,16.575,,1856124,61.1593302746435,74.3951219512195,1.31,-23458,7,3.80294753811177,82.4416732788086,43.782169342041,,
MLI,Mali,Sub-Saharan Africa,Low income,953.242943290974,-1.16910834857605,0.438088940320669,3.528,,21713836,29.0205972994693,58.858,5.85,-14962,2.2,4.81742226778366,,,3.3367600440979,
MLT,Malta,"Middle East, North Africa, Afghanistan & Pakistan",High income,31823.422001724,-3.45728232537419,0.638544956776712,4.856,31.4,515490,95.1841082280263,82.0975609756098,1.14,6904,22.1,0.08361024007885,100.112777709961,61.4767112731934,,
MMR,Myanmar,East Asia & Pacific,Lower middle income,1490.21683548367,-9.04834717984643,,1.476,,53016522,30.1593049968842,66.612,2.179,-66213,0.1,,,,,
MNE,Montenegro,Europe & Central Asia,Upper middle income,7555.48699036321,-14.9926187023533,-0.255655699848551,17.878,35.4,626590,65.2490688418027,75.9317073170732,1.75,-3310,11.7,12.6886097664536,92.3578720092773,58.0944709777832,,
MNG,Mongolia,East Asia & Pacific,Upper middle income,4001.25193077703,-4.55775197583431,3.7237230614026,6.413,,3327204,68.0894771770775,71.3490243902439,2.9,0,0.6,4.12254263505693,95.3826370696027,66.2557467107749,,9.80142756861886
MNP,Northern Mariana Islands,East Asia & Pacific,High income,18220.8382427201,-29.0598290598291,,,,47528,91.6908367362908,78.03,2.494,-755,46,,,,,
MOZ,Mozambique,Sub-Saharan Africa,Low income,462.433876479921,-1.21952250011192,3.48393567493204,5.019,,30783688,33.9044006416285,61.39,4.959,-25864,1.1,1.13844765742436,,,6.17059556957808,
MRT,Mauritania,Sub-Saharan Africa,Lower middle income,1795.72437324423,-0.36065738652286,2.3856948845632,11.051,,4600131,56.9836701058893,66.794,4.912,-1483,4,2.04181103155501,36.0277030077074,5.97194330025359,1.80263996124268,
MUS,Mauritius,Sub-Saharan Africa,Upper middle income,9135.84773751062,-14.1974358137792,2.5808007718283,8.626,,1266014,39.1607039074325,74.1770731707317,1.46,-5895,2.3,2.46174617403058,89.5019998431496,42.5378418595105,4.35243988037109,
MWI,Malawi,Sub-Saharan Africa,Low income,602.507478176106,0.793596429787286,8.62551469650552,5.72,,19533888,16.2961471756409,65.216,3.877,-2655,1,1.9682614672589,41.4565075090498,2.40217380732134,,
MYS,Malaysia,East Asia & Pacific,Upper middle income,9957.52626697613,-5.45684658426701,-1.1387021539305,4.54,,33889558,75.0511895575672,76.057,1.68,101907,11,0.422776119475248,73.2459411621094,39.7445667367633,3.91176009178162,
NAM,Namibia,Sub-Saharan Africa,Lower middle income,3878.58982993966,-8.10140201443319,2.20938236933469,21.003,,2728762,48.547381745659,64.071,3.349,27056,4,0.571164175639804,82.8872992484077,25.9870484145026,9.27799879073429,
NCL,New Caledonia,East Asia & Pacific,High income,33270.330597637,-2.40000000692145,,13.558,,284176,67.2747261065933,77.049,2.022,-1181,25.7,,,,,
NER,Niger,Sub-Saharan Africa,Low income,575.451340306915,4.45481803846413,2.8981937602627,0.591,,23717613,17.0081420003794,59.89,6.369,-4402,1.5,3.81690394503684,,,3.81906792754322,
NGA,Nigeria,Sub-Saharan Africa,Lower middle income,2797.184580679,-6.36889840468527,13.2460234276598,5.714,,213996181,59.7659654848781,53.072,4.7,-14497,0.6,2.87469533137043,44.1220893859863,,0.35963763718498,
NIC,Nicaragua,Latin America & Caribbean,Lower middle income,1938.44704754382,-2.23654176262323,3.68181341625572,6.18,,6565267,58.7045922689128,70.766,2.299,-10383,0.6,14.575973804427,,,4.58034059162685,
NLD,Netherlands,Europe & Central Asia,High income,53467.9277413737,-3.86799714191608,1.27246037789161,3.82,26,17441500,94.2532277765935,81.3585365853659,1.54,67598,13.8,0.388424031122952,136.284164428711,85.3370819091797,5.29139995574951,
NOR,Norway,Europe & Central Asia,High income,71057.5879471399,-1.36055723261586,1.28658490707996,4.424,28.4,5379475,82.7029885700532,83.209756097561,1.48,11277,15.8,0.154088403630154,119.941543579102,87.1685333251953,8.37281036376953,
NPL,Nepal,South Asia,Lower middle income,1154.21517578318,-2.3696206292072,5.05635826238499,13.037,,28966574,66.1050886088505,69.106,2.051,162139,1.7,24.2502461023191,85.3101577758789,14.2002391888535,4.24355670934502,
NRU,Naoero,East Asia & Pacific,High income,10709.068810538,1.57480314960559,,,,11643,100,61.527,3.466,-214,18.9,1.99206399992649,80.2433776855469,,5.90502903225807,
NZL,New Zealand,East Asia & Pacific,High income,42054.6743136586,-0.240916114758988,1.71456170007245,4.595,,5072400,83.8138977095908,82.2560975609756,1.62,42124,26.5,0.20086745515479,116.893188476562,75.7348327636719,5.64268016815185,
OMN,Oman,"Middle East, North Africa, Afghanistan & Pakistan",High income,16784.8630630058,-3.37972052697999,-0.40640291946585,2.94,,4522497,80.0176378922722,77.763,2.638,-171635,39.1,0.051392391185177,94.5432460924967,48.3754397440909,6.87768983840942,
PAK,Pakistan,"Middle East, North Africa, Afghanistan & Pakistan",Lower middle income,1278.39735206896,-1.27408744338709,9.74011619320125,5.994,,235001746,37.5080192948099,65.701,3.765,-559291,1.4,8.68401332889248,,11.7245978752314,2.05718240718423,
PAN,Panama,Latin America & Caribbean,High income,13290.5608347594,-17.8211174074602,-1.55027540803761,14.663,,4293261,65.7862999591993,76.33,2.184,5473,7.3,0.67742590721831,,44.9372948646286,4.30487012863159,
PER,Peru,Latin America & Caribbean,Upper middle income,6133.32552410183,-10.9333065010382,2.00241205759292,7.179,43.7,32838579,83.5267437189637,73.832,2.056,55375,3.6,1.44323462669192,100.138702392578,,4.25937986373901,6.48992883879714
PHL,Philippines,East Asia & Pacific,Upper middle income,3227.57910235199,-9.51829474045297,2.3931623931624,2.522,,112081264,54.1077719895977,70.097,2.075,-47014,0.1,9.64277376552078,87.9419879481158,31.6317598507085,3.85829051308063,
PLW,Palau,East Asia & Pacific,High income,14556.30954221,-6.00740723664144,0.218181818181833,,,17792,79.0796884006264,68.689,1.972,0,28.6,0.878812459295105,160.800003051758,,3.47118076238812,
PNG,Papua New Guinea,East Asia & Pacific,Lower middle income,2429.61134585269,-3.16743204434815,4.87167398565555,2.903,,9815746,14.1703677185729,65.075,3.274,10703,0.3,0.00963228723272583,44.5528199220061,,0.898018542083257,
POL,Poland,Europe & Central Asia,High income,16150.9304813473,-2.03556882399977,3.37446972618589,3.155,28.5,37515748,59.8738141138092,76.4,1.39,3920,1.9,1.22756646645785,112.576263427734,70.9730377197266,4.80081987380981,
PRI,Puerto Rico (US),Latin America & Caribbean,High income,31427.1034994916,-4.1808743093346,,8.89,,3281591,94.0116144995587,80.009,0.922,-7410,7.5,,,88.4148538699338,4.28663184360846,
PRK,"Korea, Dem. People's Rep.",East Asia & Pacific,Low income,,,,3.624,,26136312,62.6355140538495,72.783,1.821,-1585,0.2,,,,,
PRT,Portugal,Europe & Central Asia,High income,22299.4044062173,-8.20463159324387,-0.0124383299576209,6.85,34.7,10297081,61.1042566768691,81.3292682926829,1.42,54076,9.7,0.441863851659828,118.68286895752,68.1568908691406,4.86407995223999,
PRY,Paraguay,Latin America & Caribbean,Upper middle income,5365.47220721191,-0.819785390971916,1.76751592356698,7.548,43.5,6603739,66.116520986009,72.72,2.497,-8226,2.6,2.13482355166193,85.6669309236136,,3.93615007400513,5.20639901000208
PSE,West Bank and Gaza,"Middle East, North Africa, Afghanistan & Pakistan",Lower middle income,3233.56863835858,-11.3184661065134,-0.735332001092191,25.895,,4803269,86.0741183743925,74.998,3.511,-12369,5.4,16.4802362028662,90.2544056722155,45.3895360497376,,
PYF,French Polynesia,East Asia & Pacific,High income,19966.4838503859,-10.5738138632489,,12.963,,279209,61.7673100921,82.459,1.57,-1443,10.8,,,,,
QAT,Qatar,"Middle East, North Africa, Afghanistan & Pakistan",High income,51683.5054376677,-3.5576039896784,-2.5403150300476,0.14,,2794148,99.1617913833034,80.409,1.675,-50433,77.8,0.45124451187512,105.869328366077,23.7649212314763,3.23368000984192,
ROU,Romania,Europe & Central Asia,High income,13009.1525348396,-3.59802546034757,2.63107311184743,5.035,34.6,19265250,52.611947245178,74.2536585365854,1.8,-13202,1.7,3.04269091098798,86.416877746582,53.4911117553711,3.57968997955322,13.8689585048559
RUS,Russian Federation,Europe & Central Asia,High income,10108.3271484375,-2.65365449695453,3.38219796948068,5.62,33.7,145245148,74.6932216791674,71.3387804878049,1.505,334094,5,0.66406336325159,91.5812884026933,57.2232854739754,4.01641864383637,
RWA,Rwanda,Sub-Saharan Africa,Low income,802.638686936204,-2.77710485515125,9.85039902274207,11.829,,13065837,24.5029761132966,66.953,3.913,-22251,3.9,2.67059430371255,,7.56709586345553,3.33309745728459,
SAU,Saudi Arabia,"Middle East, North Africa, Afghanistan & Pakistan",High income,24338.8307301067,-3.80478901996312,3.37234961012303,7.66,,31552510,83.8064352851942,77.596,2.27,-74725,42.2,0.0393583696631861,104.411027399625,73.7510866368859,,
SDN,Sudan,Sub-Saharan Africa,Low income,577.795227050781,-3.62980082410752,163.257782355458,11.995,,46789231,34.5594433789246,65.124,4.542,-65933,2.9,1.8323008553696,,,,
SEN,Senegal,Sub-Saharan Africa,Lower middle income,1461.08720350553,1.34207377285524,2.54314685681662,3.432,,16789219,51.0562950093282,67.496,4.003,33848,1.6,10.6291398745498,44.7866297761573,13.3136624860931,5.6869797706604,
SGP,Singapore,East Asia & Pacific,High income,61772.5036492256,-3.61084281729929,-0.172111865925382,4.1,,5685807,100,83.5439024390244,1.1,-145556,46.1,,103.115839213946,93.134767179468,2.69227004051208,
SLB,Solomon Islands,East Asia & Pacific,Lower middle income,2063.32780991967,-3.38125925839405,2.96354992076065,0.868,,744498,28.0327555150022,69.258,3.749,1556,0.3,1.79077316018124,,,9.64354620369343,
SLE,Sierra Leone,Sub-Saharan Africa,Low income,845.277558236182,-1.2533490322766,13.4468711101052,3.509,,7912558,43.2129659123546,59.694,4.08,1292,0.7,2.646899955164,62.5606803894043,,5.34702014923096,
SLV,El Salvador,Latin America & Caribbean,Upper middle income,3997.19279583709,-7.893101359867,-0.371590212324095,5.008,,6234673,73.0570220947266,70.244,1.819,-25213,0.7,23.8002795557104,65.1837191291627,30.9986370324013,3.66088008880615,
SMR,San Marino,Europe & Central Asia,High income,44426.6259613672,-6.64791226034481,-0.133368898372915,,,34770,97.0999984741211,82.65,1.113,247,15.9,1.14318450631864,61.8604651162791,55.0960978450786,3.4246199131012,
SOM,"Somalia, Fed. Rep.",Sub-Saharan Africa,Low income,518.16113333875,-2.76455696202532,,19.414,,16651191,52.286318011754,57.095,6.453,77259,0.4,,,,6.12054361034e-06,
SRB,Serbia,Europe & Central Asia,Upper middle income,8098.70955668849,-0.950023991851594,1.57553290083415,9.011,35,6899126,61.223201751709,74.4780487804878,1.48,-10220,10.6,6.92365039942266,92.2411727905273,68.1431121826172,,
SSD,South Sudan,Sub-Saharan Africa,Low income,,,29.6758435538572,14.246,,10698467,20.1914565476286,57.648,4.16,62935,8.2,,,,,
STP,Sao Tome and Principe,Sub-Saharan Africa,Lower middle income,2167.22001796925,2.62485949543812,9.81932791540146,9.679,,217435,68.0436706542969,67.979,3.827,0,1,1.82933358998671,,,5.02931173372591,
SUR,Suriname,Latin America & Caribbean,Upper middle income,4755.39221710693,-15.9751917148622,34.889784309078,8.973,,612317,66.00830078125,72.321,2.314,-296,7.8,4.25950717003706,73.11669921875,5.30574712643678,4.58425708265782,
SVK,Slovak Republic,Europe & Central Asia,High income,19735.4858280801,-2.58551241733207,1.93694126694223,6.719,24.2,5458827,53.2481998906526,76.8658536585366,1.59,4350,3.6,2.28680381155773,90.813346862793,48.3790016174316,4.720290184021,
SVN,Slovenia,Europe & Central Asia,High income,25392.0651093612,-4.08500094942896,-0.05485681576061,4.971,24,2102419,55.384391784668,80.5317073170732,1.59,28514,13.2,1.38253126686938,110.359169006348,75.8166809082031,5.41901016235352,
SWE,Sweden,Europe & Central Asia,High income,52568.5726980146,-1.93379704032216,0.497367318853572,8.291,28.9,10353442,87.9424046895699,82.3560975609756,1.67,37302,19.6,0.600055566280723,136.426132202148,79.1196365356445,7.95333003997803,
SWZ,Eswatini,Sub-Saharan Africa,Lower middle income,3466.56936278145,-2.95183453409287,,32.978,,1192729,24.6652798922192,59.862,2.888,-4242,2.8,2.72077742488106,,,5.32546270122803,
SXM,Sint Maarten (Dutch part),Latin America & Caribbean,High income,30150.8998380477,-13.3167887221567,,,,41008,100,75.002,1.467,519,70.3,3.12887136730092,,,,
SYC,Seychelles,Sub-Saharan Africa,High income,14041.4754074575,-11.7398608281732,1.20266463987123,,,98462,44.2936147152263,77.2365853658537,2.2,1726,10.8,0.721830959030331,102.18818380744,26.934264107039,4.18704837049316,
SYR,Syrian Arab Republic,"Middle East, North Africa, Afghanistan & Pakistan",Low income,593.911771822527,0.954914586675713,,15.179,,21049429,73.4125031102512,71.944,2.837,269050,4.1,,39.0727806091309,,,
TCA,Turks and Caicos Islands,Latin America & Caribbean,High income,20690.9160546118,-33.8170973434652,,,,44386,93.1960408439605,77.499,1.552,682,58,,91.187270501836,,2.46213795190062,
TCD,Chad,Sub-Saharan Africa,Low income,866.947814890409,-0.393646582380399,4.46414437232861,1.695,,17224679,24.7341921795416,53.082,6.346,36605,3.2,,,4.39665967267065,2.73960390423748,
TGO,Togo,Sub-Saharan Africa,Lower middle income,961.219781201934,2.15900131150536,1.69928463299399,2.231,,7788054,41.8781527268075,61.14,4.386312,-31892,3.2,8.68798915490316,,14.9029897765252,4.08528017372931,
THA,Thailand,East Asia & Pacific,Upper middle income,6983.03412836245,-6.09306312966953,-0.846087518861799,1.099,35,71641484,57.2358779907227,77.331,1.259,32277,4.2,1.57382197533319,82.3668560969625,42.5900878816865,3.15314171737183,
TJK,Tajikistan,Europe & Central Asia,Lower middle income,834.311715460625,4.40000111553493,,7.576,,9749310,26.1925442328719,68.605,3.211,-3564,2.8,26.8848943162433,90.9012072790342,34.6676458195911,5.13516829187823,
TKM,Turkmenistan,Europe & Central Asia,Upper middle income,3935.37749365223,5.87065623130427,,4.489,,6949912,47.0546961907259,68.846,2.793,19913,2.8,,86.8120225282998,12.4085702576356,3.76267004013061,
TLS,Timor-Leste,East Asia & Pacific,Lower middle income,1630.86935439232,31.7257416721413,0.495499215459571,2.808,,1326053,28.9619049897647,66.919,3.011,3793,0.6,4.43213622107415,84.7410404382553,,3.65287360437751,
TON,Tonga,East Asia & Pacific,Upper middle income,4792.35872413906,1.80618715298932,-0.349737696727419,2.712,,105704,21.8766206823411,72.379,3.234,-1807,3.5,37.5001328188681,90.4639980016237,21.2782986508118,5.04883511346915,
TTO,Trinidad and Tobago,Latin America & Caribbean,High income,15283.6270531554,-8.78879817831519,0.598986330824643,4.206,,1366725,53.9377689584806,72.645,1.572,427,5.3,0.930835122563685,,,4.22041988372803,
TUN,Tunisia,"Middle East, North Africa, Afghanistan & Pakistan",Lower middle income,3548.65363663803,-8.97512622934723,5.63415115897625,17.651,,11974057,69.1043166438476,75.004,2,-19188,0.5,5.36706286105133,,32.5181999206543,7.26507545467782,
TUR,Turkiye,Europe & Central Asia,Upper middle income,8798.11791709313,1.80306247087255,12.2789574462574,13.148,43,83384680,88.9303114965222,76.525,1.77,37934,7.6,0.11122799635979,112.527458190918,118.883682250977,4.03382015228271,
TUV,Tuvalu,East Asia & Pacific,Upper middle income,5029.57159284173,-3.03030303030303,,,,10399,61.9212610534937,66.357,3.309,-355,2.3,4.20808592693722,77.0771513353116,,14.5482776139014,
TZA,Tanzania,Sub-Saharan Africa,Lower middle income,1117.41528320313,1.99196460647855,3.29029062798325,1.792,,60972798,33.8547246036273,66.771,4.801,-18587,0.7,0.493668773904517,30.9205938581875,7.18188265775187,3.23097255920833,
UGA,Uganda,Sub-Saharan Africa,Low income,845.766463890124,2.95130642218098,3.31332289544502,3.819,,44457152,28.5399752271502,66.41,4.621,43464,4,2.82418111836855,,,2.57222181308255,
UKR,Ukraine,Europe & Central Asia,Upper middle income,3709.76928710938,-3.75281793983162,2.73249209419427,9.475,25.6,44680014,69.3839100516745,73.283,1.208,-4167,11.2,9.71346014003703,84.4283338575221,82.1345992180731,5.38230991363525,4.01126312988226
URY,Uruguay,Latin America & Caribbean,High income,15757.5341990356,-7.35732706897301,9.75640636078194,10.413,40.2,3398968,95.3997650146484,78.381,1.497,-1482,3.2,0.207465889667471,116.991828918457,64.9332150107214,4.55217981338501,5.55183201953526
USA,United States,North America,High income,64465.2971415748,-2.081375977796,1.23358439630629,8.055,40,331578104,79.997451762548,76.9804878048781,1.6415,329769,14.9,0.0319387614132418,100.509819030762,87.5676574707031,5.39530992507935,
UZB,Uzbekistan,Europe & Central Asia,Lower middle income,2087.96374711792,1.62162281640448,12.8677297362606,5.293,,33586372,50.7670402526855,71.461,3.062,-9208,3.5,10.1012633712903,90.0642970154019,15.9720957084892,4.44021987915039,
VCT,St. Vincent and the Grenadines,Latin America & Caribbean,Upper middle income,8351.20324040982,-4.26892434422649,-0.628131309354654,20.635,,103526,47.3255171858432,69.605,1.83,-493,4.6,7.28760488020117,127.844391153744,33.6692278624512,5.46376310406546,
VEN,"Venezuela, RB",Latin America & Caribbean,Lower middle income,1506.04169391285,-29.8245614035088,,7.53,,28444077,89.1399056567545,72.369,2.116,-524649,4.7,,,,,
VGB,British Virgin Islands,Latin America & Caribbean,High income,,,,,,37135,53.1709074822645,76.894,0.975,888,59.7,,73.9501779359431,30.475763016158,2.70539282589676,
VIR,Virgin Islands (U.S.),Latin America & Caribbean,High income,39787.3741650202,-1.61493817814787,,14.366,,106290,95.0974024521293,79.819512195122,2.03,0,64.7,,,,,
VNM,Viet Nam,East Asia & Pacific,Upper middle income,3534.03953482647,2.86541320912272,3.22093436652515,2.103,36.8,98079191,35.5706676299742,75.383,1.957,-6457,0.2,,93.1921389514105,,3.21652900152514,8.79163044339621
VUT,Vanuatu,East Asia & Pacific,Lower middle income,3404.30359167624,-5.72530282073851,5.32935073101715,4.046,,298858,22.4186852094794,70.385,3.738,-201,1.1,12.4905327404624,59.1688003540039,,2.17358994483948,
WSM,Samoa,East Asia & Pacific,Upper middle income,4099.59660548583,-3.10864485863991,-1.56891247740895,7.467,,211944,18.0516608994722,70.727,4.002,-2299,1.9,23.4968429809637,,17.3303454643177,4.50316850152178,
XKX,Kosovo,Europe & Central Asia,Upper middle income,4320.58382547288,-5.34027547826166,0.198227922994854,,57.4,1790151,45.2268625263391,74.212,1.567,2815,,18.5673041097655,,,,
YEM,"Yemen, Rep.","Middle East, North Africa, Afghanistan & Pakistan",Low income,,,,17.963,,36134863,35.7025604580302,66.435,4.6,-97982,1.1,,,,,
ZAF,South Africa,Sub-Saharan Africa,Upper middle income,5580.60383075189,-6.1689177146757,3.23238831615113,29.217,,60562381,63.4373088310982,65.15,2.257,369901,4.4,0.239923790431449,103.501178102472,22.6148742572009,6.17067003250122,
ZMB,Zambia,Sub-Saharan Africa,Lower middle income,951.644316655957,-2.78505506545167,15.7330604721369,6.032,,19059395,43.8644489410157,63.361,4.323,8156,1,0.743558162947741,,,3.94374100561712,
ZWE,Zimbabwe,Sub-Saharan Africa,Lower middle income,2059.63704025274,-7.81695060188729,557.201817362051,8.617,,15526888,37.0097671560802,61.53,3.754,-89440,2.7,5.72874763592075,,,,
