"","year","temp"
"1",1980,65.4
"2",1981,63.4
"3",1982,63.6
"4",1983,66.3
"5",1984,64
"6",1985,65.5
"7",1986,64.8
"8",1987,62.7
"9",1988,64.1
"10",1990,65.2
"11",1991,62.5
"12",1992,NA
"13",1993,NA
"14",1994,64.6
"15",1995,60.8
"16",1996,62.1
"17",1997,63.6
"18",1998,67.5
"19",1999,62
"20",2000,63
"21",2001,61.2
"22",2002,66.9
"23",2003,62.4
"24",2004,66.4
"25",2005,68.8
"26",2006,61.3
"27",2007,66.6
"28",2008,64.5
"29",2009,64.1
"30",2010,64
"31",2011,60.4
"32",2012,62.7
"33",2013,64.3
"34",2014,62.7
"35",2015,68.2
"36",2016,68.4
"37",2017,66.6
"38",2018,67
"39",2019,66.8
"40",2020,61
"41",2022,64.3
"42",2023,65.9
"43",2024,67.2
"44",2025,66.9
